namespace,namespace_label,country_code,country_name,region_level,regions,rows,year_min,year_max,latest_li_year,li_rows,ili_rows,hli_rows,ihli_rows,source_bundle,method_flag,quality_flag
eu_nuts2_aut_v1,Austria / EU NUTS2 pilot,AUT,Austria,nuts2,9,225,2000,2024,2023,216,9,0,0,eurostat_nuts2_gdppc_pps_eu27_2020_hab+eurostat_nuts2_lexp_birth_total+statistik_tirol_silc_2022_equiv_income_gini_html,observed_inputs_only+observed_html_table_eusilc_2022_gini_exact_nuts2_join,observed_eurostat_li_no_subnational_gini_hale+official_regional_silc_2022_after_social_transfers
eu_nuts2_bel_v1,Belgium / EU NUTS2 pilot,BEL,Belgium,nuts2,11,275,2000,2024,2024,242,0,0,0,eurostat_nuts2_gdppc_pps_eu27_2020_hab+eurostat_nuts2_lexp_birth_total,observed_inputs_only,observed_eurostat_li_no_subnational_gini_hale
eu_nuts2_bgr_v1,Bulgaria / EU NUTS2 pilot,BGR,Bulgaria,nuts2,6,150,2000,2024,2024,150,0,0,0,eurostat_nuts2_gdppc_pps_eu27_2020_hab+eurostat_nuts2_lexp_birth_total,observed_inputs_only,observed_eurostat_li_no_subnational_gini_hale
canada_oecd_tl2_statcan,Canada / OECD TL2 + StatCan pilot,CAN,Canada,oecd_tl2,13,386,1995,2024,2022,346,279,0,0,oecd_tl2_gdppc_ppp+oecd_tl2_lfexp+statcan_after_tax_gini,observed_inputs_only,observed_no_subnational_hale_partial_gini
china_oecd_regional_v1,China / OECD regional pilot,CHN,China,oecd_tl2,31,1085,1990,2024,2023,775,0,0,0,oecd_regional_gdp+gdl_subnational_lifexp,observed_inputs_only,observed_no_subnational_gini_hale
china_province_v1,China province pilot,CHN,China,province,31,1085,1990,2024,2023,928,0,0,0,nbs_province_gdppc+gdl_subnational_lifexp,observed_inputs_only,observed_no_subnational_gini_hale
eu_nuts2_cyp_v1,Cyprus / EU NUTS2 pilot,CYP,Cyprus,nuts2,1,25,2000,2024,2024,25,0,0,0,eurostat_nuts2_gdppc_pps_eu27_2020_hab+eurostat_nuts2_lexp_birth_total,observed_inputs_only,observed_eurostat_li_no_subnational_gini_hale
eu_nuts2_cze_v1,Czechia / EU NUTS2 pilot,CZE,Czechia,nuts2,8,200,2000,2024,2024,200,0,0,0,eurostat_nuts2_gdppc_pps_eu27_2020_hab+eurostat_nuts2_lexp_birth_total,observed_inputs_only,observed_eurostat_li_no_subnational_gini_hale
eu_nuts2_deu_v1,Germany / EU NUTS2 pilot,DEU,Germany,nuts2,38,950,2000,2024,2024,855,0,0,0,eurostat_nuts2_gdppc_pps_eu27_2020_hab+eurostat_nuts2_lexp_birth_total,observed_inputs_only,observed_eurostat_li_no_subnational_gini_hale
germany_oecd_tl2,Germany / OECD TL2 pilot,DEU,Germany,oecd_tl2,16,480,1995,2024,2023,352,0,0,0,oecd_tl2_gdppc_ppp+oecd_tl2_lfexp,observed_inputs_only,observed_no_subnational_gini_hale
eu_nuts2_dnk_v1,Denmark / EU NUTS2 pilot,DNK,Denmark,nuts2,5,125,2000,2024,2024,90,0,0,0,eurostat_nuts2_gdppc_pps_eu27_2020_hab+eurostat_nuts2_lexp_birth_total,observed_inputs_only,observed_eurostat_li_no_subnational_gini_hale
eu_nuts2_esp_v1,Spain / EU NUTS2 pilot,ESP,Spain,nuts2,19,475,2000,2024,2024,474,323,0,0,eurostat_nuts2_gdppc_pps_eu27_2020_hab+eurostat_nuts2_lexp_birth_total+ine_es_67246_standard_gini_csv,observed_inputs_only+observed_csv_standard_gini_exact_nuts2_join,observed_eurostat_li_no_subnational_gini_hale+official_ine_standard_gini
eu_nuts2_est_v1,Estonia / EU NUTS2 pilot,EST,Estonia,nuts2,1,25,2000,2024,2024,25,0,0,0,eurostat_nuts2_gdppc_pps_eu27_2020_hab+eurostat_nuts2_lexp_birth_total,observed_inputs_only,observed_eurostat_li_no_subnational_gini_hale
eu_nuts2_fin_v1,Finland / EU NUTS2 pilot,FIN,Finland,nuts2,5,125,2000,2024,2024,125,0,0,0,eurostat_nuts2_gdppc_pps_eu27_2020_hab+eurostat_nuts2_lexp_birth_total,observed_inputs_only,observed_eurostat_li_no_subnational_gini_hale
eu_nuts2_fra_v1,France / EU NUTS2 pilot,FRA,France,nuts2,27,661,2000,2024,2024,628,24,0,0,eurostat_nuts2_gdppc_pps_eu27_2020_hab+eurostat_nuts2_lexp_birth_total+insee_filosofi_2021_disp_reg_gini_csv_zip,observed_inputs_only+observed_region_gini_exact_one_to_one_nuts2_join+observed_admin_region_gini_fanned_out_to_component_nuts2,observed_eurostat_li_no_subnational_gini_hale+official_insee_2021_exact_geography+official_insee_2021_aggregate_region_proxy
eu_nuts2_grc_v1,Greece / EU NUTS2 pilot,GRC,Greece,nuts2,13,325,2000,2024,2023,312,0,0,0,eurostat_nuts2_gdppc_pps_eu27_2020_hab+eurostat_nuts2_lexp_birth_total,observed_inputs_only,observed_eurostat_li_no_subnational_gini_hale
eu_nuts2_hrv_v1,Croatia / EU NUTS2 pilot,HRV,Croatia,nuts2,5,119,2000,2024,2024,39,0,0,0,eurostat_nuts2_gdppc_pps_eu27_2020_hab+eurostat_nuts2_lexp_birth_total,observed_inputs_only,observed_eurostat_li_no_subnational_gini_hale
eu_nuts2_hun_v1,Hungary / EU NUTS2 pilot,HUN,Hungary,nuts2,8,200,2000,2024,2024,196,0,0,0,eurostat_nuts2_gdppc_pps_eu27_2020_hab+eurostat_nuts2_lexp_birth_total,observed_inputs_only,observed_eurostat_li_no_subnational_gini_hale
india_oecd_regional_v1,India / OECD regional pilot,IND,India,oecd_tl2,36,1224,1990,2023,2020,577,0,526,0,oecd_regional_gdp+gdl_subnational_lifexp+ihme_gbd_2023_subnational_hale_modelled,observed_inputs_only+modelled_ihme_gbd_hale_age22_all_ages_exact_location_join,observed_no_subnational_gini_hale+ihme_modelled_hale_age_id_22_all_ages_metric_years_exact_location
eu_nuts2_irl_v1,Ireland / EU NUTS2 pilot,IRL,Ireland,nuts2,3,75,2000,2024,2024,36,0,0,0,eurostat_nuts2_gdppc_pps_eu27_2020_hab+eurostat_nuts2_lexp_birth_total,observed_inputs_only,observed_eurostat_li_no_subnational_gini_hale
eu_nuts2_ita_v1,Italy / EU NUTS2 pilot,ITA,Italy,nuts2,21,525,2000,2024,2024,523,0,504,0,eurostat_nuts2_gdppc_pps_eu27_2020_hab+eurostat_nuts2_lexp_birth_total+ihme_gbd_2023_subnational_hale_modelled,observed_inputs_only+modelled_ihme_gbd_hale_age22_all_ages_exact_location_join,observed_eurostat_li_no_subnational_gini_hale+ihme_modelled_hale_age_id_22_all_ages_metric_years_exact_location
eu_nuts2_ltu_v1,Lithuania / EU NUTS2 pilot,LTU,Lithuania,nuts2,2,50,2000,2024,2024,48,0,0,0,eurostat_nuts2_gdppc_pps_eu27_2020_hab+eurostat_nuts2_lexp_birth_total,observed_inputs_only,observed_eurostat_li_no_subnational_gini_hale
eu_nuts2_lux_v1,Luxembourg / EU NUTS2 pilot,LUX,Luxembourg,nuts2,1,25,2000,2024,2024,25,0,24,0,eurostat_nuts2_gdppc_pps_eu27_2020_hab+eurostat_nuts2_lexp_birth_total+ihme_gbd_2023_subnational_hale_modelled,observed_inputs_only+modelled_ihme_gbd_hale_age22_all_ages_exact_location_join,observed_eurostat_li_no_subnational_gini_hale+ihme_modelled_hale_age_id_22_all_ages_metric_years_exact_location
eu_nuts2_lva_v1,Latvia / EU NUTS2 pilot,LVA,Latvia,nuts2,1,25,2000,2024,2024,23,0,0,0,eurostat_nuts2_gdppc_pps_eu27_2020_hab+eurostat_nuts2_lexp_birth_total,observed_inputs_only,observed_eurostat_li_no_subnational_gini_hale
mexico_state_gdl_enigh_v2,Mexico state / GDL + ENIGH pilot,MEX,Mexico,state,32,1088,1990,2023,2023,1088,128,1088,128,gdl_subnational_lgnic_income_proxy+gdl_subnational_lifexp+ihme_gbd_2023_subnational_hale_modelled+inegi_enigh_2022_state_gini_xlsx,gdl_lgnic_income_proxy_observed_lifexp+modelled_ihme_gbd_hale_age22_all_ages_exact_location_join+observed_enigh_state_gini_exact_year_join,gdl_income_proxy_not_official_gdppc+observed_gdl_lifexp+ihme_modelled_hale_age_id_22_all_ages_metric_years_exact_location+official_inegi_state_gini
eu_nuts2_mlt_v1,Malta / EU NUTS2 pilot,MLT,Malta,nuts2,1,25,2000,2024,2023,23,0,24,0,eurostat_nuts2_gdppc_pps_eu27_2020_hab+eurostat_nuts2_lexp_birth_total+ihme_gbd_2023_subnational_hale_modelled,observed_inputs_only+modelled_ihme_gbd_hale_age22_all_ages_exact_location_join,observed_eurostat_li_no_subnational_gini_hale+ihme_modelled_hale_age_id_22_all_ages_metric_years_exact_location
eu_nuts2_nld_v1,Netherlands / EU NUTS2 pilot,NLD,Netherlands,nuts2,14,344,2000,2024,2024,242,0,0,0,eurostat_nuts2_gdppc_pps_eu27_2020_hab+eurostat_nuts2_lexp_birth_total,observed_inputs_only,observed_eurostat_li_no_subnational_gini_hale
eu_nuts2_pol_v1,Poland / EU NUTS2 pilot,POL,Poland,nuts2,17,425,2000,2024,2024,322,17,408,17,eurostat_nuts2_gdppc_pps_eu27_2020_hab+eurostat_nuts2_lexp_birth_total+ihme_gbd_2023_subnational_hale_modelled+gus_poland_eusilc_2022_nuts2_gini_pdf,observed_inputs_only+modelled_ihme_gbd_hale_age22_all_ages_exact_location_join+observed_pdf_table_gini_transcribed_exact_nuts2_join+modelled_ihme_gbd_hale_age22_all_ages_geography_proxy_fanout,observed_eurostat_li_no_subnational_gini_hale+ihme_modelled_hale_age_id_22_all_ages_metric_years_exact_location+official_gus_eusilc_2022_pdf_table_transcription+ihme_modelled_hale_age_id_22_all_ages_metric_years_geography_proxy
eu_nuts2_prt_v1,Portugal / EU NUTS2 pilot,PRT,Portugal,nuts2,12,294,2000,2024,2023,101,28,0,0,eurostat_nuts2_gdppc_pps_eu27_2020_hab+eurostat_nuts2_lexp_birth_total+ine_pt_0009941_gini_html_table,observed_inputs_only+observed_html_table_extraction,observed_eurostat_li_no_subnational_gini_hale+official_stat_pt_starred_table_value+official_stat_pt_html_table
eu_nuts2_rou_v1,Romania / EU NUTS2 pilot,ROU,Romania,nuts2,8,184,2000,2024,2024,104,0,0,0,eurostat_nuts2_gdppc_pps_eu27_2020_hab+eurostat_nuts2_lexp_birth_total,observed_inputs_only,observed_eurostat_li_no_subnational_gini_hale
eu_nuts2_svk_v1,Slovakia / EU NUTS2 pilot,SVK,Slovakia,nuts2,4,100,2000,2024,2024,100,0,0,0,eurostat_nuts2_gdppc_pps_eu27_2020_hab+eurostat_nuts2_lexp_birth_total,observed_inputs_only,observed_eurostat_li_no_subnational_gini_hale
eu_nuts2_svn_v1,Slovenia / EU NUTS2 pilot,SVN,Slovenia,nuts2,2,50,2000,2024,2024,34,0,0,0,eurostat_nuts2_gdppc_pps_eu27_2020_hab+eurostat_nuts2_lexp_birth_total,observed_inputs_only,observed_eurostat_li_no_subnational_gini_hale
eu_nuts2_swe_v1,Sweden / EU NUTS2 pilot,SWE,Sweden,nuts2,8,200,2000,2024,2024,200,0,0,0,eurostat_nuts2_gdppc_pps_eu27_2020_hab+eurostat_nuts2_lexp_birth_total,observed_inputs_only,observed_eurostat_li_no_subnational_gini_hale
us_oecd_tl2_acs,United States / OECD TL2 + ACS pilot,USA,United States,oecd_tl2,51,1428,1997,2024,2020,254,153,1377,867,oecd_tl2_gdppc_ppp+oecd_tl2_lfexp+acs1_state_gini+ihme_gbd_2023_subnational_hale_modelled,observed_inputs_only+modelled_ihme_gbd_hale_age22_all_ages_exact_location_join,observed_no_subnational_hale+ihme_modelled_hale_age_id_22_all_ages_metric_years_exact_location
